PUBCHEM_CID,Probability
2902133,0.73016846
3233260,0.4514028
1388836,0.71714574
2840206,0.73223543
1798129,0.38595644
2565430,0.38685203
