PUBCHEM_CID,y_prob
2902133,0.46138394
1798129,0.44254264
3233260,0.49333638
778398,0.45960724
1388836,0.47855568
135498002,0.4866484
2840206,0.49563408
2565430,0.42893592
