PUBCHEM_CID,Probability
2902133,0.64792764
3233260,0.26757693
1388836,0.61498225
2840206,0.6521754
1798129,0.080190524
2565430,0.07209775
