PUBCHEM_CID,Probability
2902133,0.5412167
1798129,0.17062567
3233260,0.25971752
778398,0.3471282
1388836,0.6184765
135498002,0.648309
2840206,0.6788701
2565430,0.13244738
