PUBCHEM_CID,Probability
2902133,0.7690742
1798129,0.34118363
3233260,0.46305057
778398,0.41169497
1388836,0.59951097
135498002,0.5964085
2840206,0.59297144
2565430,0.39140823
